owner_name,property_address,mailing_address,city,state,zip,parcel_id,property_type,source_url,raw
Sample Owner 1,1001 Example Ave,PO Box 2001,Los Angeles,CA,90001,MOCK-000001,Single Family Residential,mock://sample-data,"{""owner"": ""Sample Owner 1"", ""property_address"": ""1001 Example Ave"", ""mailing_address"": ""PO Box 2001"", ""city"": ""Los Angeles"", ""state"": ""CA"", ""zip"": ""90001"", ""parcel_id"": ""MOCK-000001"", ""property_type"": ""Single Family Residential""}"
Sample Owner 2,1002 Example Ave,PO Box 2002,Los Angeles,CA,90002,MOCK-000002,Single Family Residential,mock://sample-data,"{""owner"": ""Sample Owner 2"", ""property_address"": ""1002 Example Ave"", ""mailing_address"": ""PO Box 2002"", ""city"": ""Los Angeles"", ""state"": ""CA"", ""zip"": ""90002"", ""parcel_id"": ""MOCK-000002"", ""property_type"": ""Single Family Residential""}"
Sample Owner 3,1003 Example Ave,PO Box 2003,Los Angeles,CA,90003,MOCK-000003,Single Family Residential,mock://sample-data,"{""owner"": ""Sample Owner 3"", ""property_address"": ""1003 Example Ave"", ""mailing_address"": ""PO Box 2003"", ""city"": ""Los Angeles"", ""state"": ""CA"", ""zip"": ""90003"", ""parcel_id"": ""MOCK-000003"", ""property_type"": ""Single Family Residential""}"
Sample Owner 4,1004 Example Ave,PO Box 2004,Los Angeles,CA,90004,MOCK-000004,Single Family Residential,mock://sample-data,"{""owner"": ""Sample Owner 4"", ""property_address"": ""1004 Example Ave"", ""mailing_address"": ""PO Box 2004"", ""city"": ""Los Angeles"", ""state"": ""CA"", ""zip"": ""90004"", ""parcel_id"": ""MOCK-000004"", ""property_type"": ""Single Family Residential""}"
Sample Owner 5,1005 Example Ave,PO Box 2005,Los Angeles,CA,90005,MOCK-000005,Single Family Residential,mock://sample-data,"{""owner"": ""Sample Owner 5"", ""property_address"": ""1005 Example Ave"", ""mailing_address"": ""PO Box 2005"", ""city"": ""Los Angeles"", ""state"": ""CA"", ""zip"": ""90005"", ""parcel_id"": ""MOCK-000005"", ""property_type"": ""Single Family Residential""}"
Sample Owner 6,1006 Example Ave,PO Box 2006,Los Angeles,CA,90006,MOCK-000006,Single Family Residential,mock://sample-data,"{""owner"": ""Sample Owner 6"", ""property_address"": ""1006 Example Ave"", ""mailing_address"": ""PO Box 2006"", ""city"": ""Los Angeles"", ""state"": ""CA"", ""zip"": ""90006"", ""parcel_id"": ""MOCK-000006"", ""property_type"": ""Single Family Residential""}"
Sample Owner 7,1007 Example Ave,PO Box 2007,Los Angeles,CA,90007,MOCK-000007,Single Family Residential,mock://sample-data,"{""owner"": ""Sample Owner 7"", ""property_address"": ""1007 Example Ave"", ""mailing_address"": ""PO Box 2007"", ""city"": ""Los Angeles"", ""state"": ""CA"", ""zip"": ""90007"", ""parcel_id"": ""MOCK-000007"", ""property_type"": ""Single Family Residential""}"
Sample Owner 8,1008 Example Ave,PO Box 2008,Los Angeles,CA,90008,MOCK-000008,Single Family Residential,mock://sample-data,"{""owner"": ""Sample Owner 8"", ""property_address"": ""1008 Example Ave"", ""mailing_address"": ""PO Box 2008"", ""city"": ""Los Angeles"", ""state"": ""CA"", ""zip"": ""90008"", ""parcel_id"": ""MOCK-000008"", ""property_type"": ""Single Family Residential""}"
Sample Owner 9,1009 Example Ave,PO Box 2009,Los Angeles,CA,90009,MOCK-000009,Single Family Residential,mock://sample-data,"{""owner"": ""Sample Owner 9"", ""property_address"": ""1009 Example Ave"", ""mailing_address"": ""PO Box 2009"", ""city"": ""Los Angeles"", ""state"": ""CA"", ""zip"": ""90009"", ""parcel_id"": ""MOCK-000009"", ""property_type"": ""Single Family Residential""}"
Sample Owner 10,1010 Example Ave,PO Box 2010,Los Angeles,CA,90010,MOCK-000010,Single Family Residential,mock://sample-data,"{""owner"": ""Sample Owner 10"", ""property_address"": ""1010 Example Ave"", ""mailing_address"": ""PO Box 2010"", ""city"": ""Los Angeles"", ""state"": ""CA"", ""zip"": ""90010"", ""parcel_id"": ""MOCK-000010"", ""property_type"": ""Single Family Residential""}"
Sample Owner 11,1011 Example Ave,PO Box 2011,Los Angeles,CA,90011,MOCK-000011,Single Family Residential,mock://sample-data,"{""owner"": ""Sample Owner 11"", ""property_address"": ""1011 Example Ave"", ""mailing_address"": ""PO Box 2011"", ""city"": ""Los Angeles"", ""state"": ""CA"", ""zip"": ""90011"", ""parcel_id"": ""MOCK-000011"", ""property_type"": ""Single Family Residential""}"
Sample Owner 12,1012 Example Ave,PO Box 2012,Los Angeles,CA,90012,MOCK-000012,Single Family Residential,mock://sample-data,"{""owner"": ""Sample Owner 12"", ""property_address"": ""1012 Example Ave"", ""mailing_address"": ""PO Box 2012"", ""city"": ""Los Angeles"", ""state"": ""CA"", ""zip"": ""90012"", ""parcel_id"": ""MOCK-000012"", ""property_type"": ""Single Family Residential""}"
Sample Owner 13,1013 Example Ave,PO Box 2013,Los Angeles,CA,90013,MOCK-000013,Single Family Residential,mock://sample-data,"{""owner"": ""Sample Owner 13"", ""property_address"": ""1013 Example Ave"", ""mailing_address"": ""PO Box 2013"", ""city"": ""Los Angeles"", ""state"": ""CA"", ""zip"": ""90013"", ""parcel_id"": ""MOCK-000013"", ""property_type"": ""Single Family Residential""}"
Sample Owner 14,1014 Example Ave,PO Box 2014,Los Angeles,CA,90014,MOCK-000014,Single Family Residential,mock://sample-data,"{""owner"": ""Sample Owner 14"", ""property_address"": ""1014 Example Ave"", ""mailing_address"": ""PO Box 2014"", ""city"": ""Los Angeles"", ""state"": ""CA"", ""zip"": ""90014"", ""parcel_id"": ""MOCK-000014"", ""property_type"": ""Single Family Residential""}"
Sample Owner 15,1015 Example Ave,PO Box 2015,Los Angeles,CA,90015,MOCK-000015,Single Family Residential,mock://sample-data,"{""owner"": ""Sample Owner 15"", ""property_address"": ""1015 Example Ave"", ""mailing_address"": ""PO Box 2015"", ""city"": ""Los Angeles"", ""state"": ""CA"", ""zip"": ""90015"", ""parcel_id"": ""MOCK-000015"", ""property_type"": ""Single Family Residential""}"
Sample Owner 16,1016 Example Ave,PO Box 2016,Los Angeles,CA,90016,MOCK-000016,Single Family Residential,mock://sample-data,"{""owner"": ""Sample Owner 16"", ""property_address"": ""1016 Example Ave"", ""mailing_address"": ""PO Box 2016"", ""city"": ""Los Angeles"", ""state"": ""CA"", ""zip"": ""90016"", ""parcel_id"": ""MOCK-000016"", ""property_type"": ""Single Family Residential""}"
Sample Owner 17,1017 Example Ave,PO Box 2017,Los Angeles,CA,90017,MOCK-000017,Single Family Residential,mock://sample-data,"{""owner"": ""Sample Owner 17"", ""property_address"": ""1017 Example Ave"", ""mailing_address"": ""PO Box 2017"", ""city"": ""Los Angeles"", ""state"": ""CA"", ""zip"": ""90017"", ""parcel_id"": ""MOCK-000017"", ""property_type"": ""Single Family Residential""}"
Sample Owner 18,1018 Example Ave,PO Box 2018,Los Angeles,CA,90018,MOCK-000018,Single Family Residential,mock://sample-data,"{""owner"": ""Sample Owner 18"", ""property_address"": ""1018 Example Ave"", ""mailing_address"": ""PO Box 2018"", ""city"": ""Los Angeles"", ""state"": ""CA"", ""zip"": ""90018"", ""parcel_id"": ""MOCK-000018"", ""property_type"": ""Single Family Residential""}"
Sample Owner 19,1019 Example Ave,PO Box 2019,Los Angeles,CA,90019,MOCK-000019,Single Family Residential,mock://sample-data,"{""owner"": ""Sample Owner 19"", ""property_address"": ""1019 Example Ave"", ""mailing_address"": ""PO Box 2019"", ""city"": ""Los Angeles"", ""state"": ""CA"", ""zip"": ""90019"", ""parcel_id"": ""MOCK-000019"", ""property_type"": ""Single Family Residential""}"
Sample Owner 20,1020 Example Ave,PO Box 2020,Los Angeles,CA,90020,MOCK-000020,Single Family Residential,mock://sample-data,"{""owner"": ""Sample Owner 20"", ""property_address"": ""1020 Example Ave"", ""mailing_address"": ""PO Box 2020"", ""city"": ""Los Angeles"", ""state"": ""CA"", ""zip"": ""90020"", ""parcel_id"": ""MOCK-000020"", ""property_type"": ""Single Family Residential""}"
Sample Owner 21,1021 Example Ave,PO Box 2021,Los Angeles,CA,90021,MOCK-000021,Single Family Residential,mock://sample-data,"{""owner"": ""Sample Owner 21"", ""property_address"": ""1021 Example Ave"", ""mailing_address"": ""PO Box 2021"", ""city"": ""Los Angeles"", ""state"": ""CA"", ""zip"": ""90021"", ""parcel_id"": ""MOCK-000021"", ""property_type"": ""Single Family Residential""}"
Sample Owner 22,1022 Example Ave,PO Box 2022,Los Angeles,CA,90022,MOCK-000022,Single Family Residential,mock://sample-data,"{""owner"": ""Sample Owner 22"", ""property_address"": ""1022 Example Ave"", ""mailing_address"": ""PO Box 2022"", ""city"": ""Los Angeles"", ""state"": ""CA"", ""zip"": ""90022"", ""parcel_id"": ""MOCK-000022"", ""property_type"": ""Single Family Residential""}"
Sample Owner 23,1023 Example Ave,PO Box 2023,Los Angeles,CA,90023,MOCK-000023,Single Family Residential,mock://sample-data,"{""owner"": ""Sample Owner 23"", ""property_address"": ""1023 Example Ave"", ""mailing_address"": ""PO Box 2023"", ""city"": ""Los Angeles"", ""state"": ""CA"", ""zip"": ""90023"", ""parcel_id"": ""MOCK-000023"", ""property_type"": ""Single Family Residential""}"
Sample Owner 24,1024 Example Ave,PO Box 2024,Los Angeles,CA,90024,MOCK-000024,Single Family Residential,mock://sample-data,"{""owner"": ""Sample Owner 24"", ""property_address"": ""1024 Example Ave"", ""mailing_address"": ""PO Box 2024"", ""city"": ""Los Angeles"", ""state"": ""CA"", ""zip"": ""90024"", ""parcel_id"": ""MOCK-000024"", ""property_type"": ""Single Family Residential""}"
Sample Owner 25,1025 Example Ave,PO Box 2025,Los Angeles,CA,90025,MOCK-000025,Single Family Residential,mock://sample-data,"{""owner"": ""Sample Owner 25"", ""property_address"": ""1025 Example Ave"", ""mailing_address"": ""PO Box 2025"", ""city"": ""Los Angeles"", ""state"": ""CA"", ""zip"": ""90025"", ""parcel_id"": ""MOCK-000025"", ""property_type"": ""Single Family Residential""}"
